{
  "solver name": "Simulated annealer",
  "num reads": 100,
  "annealing time": 16,
  "compilation time": 6167900.0,
  "energies": [
    24.613856939869713, 24.613856939869713, 24.613856939869713,
    24.613856939869713, 24.613856939869713, 24.613856939869713,
    24.613856939869713, 24.613856939869713, 24.613856939869713,
    24.613856939869713, 24.613856939869713, 24.613856939869713,
    24.613856939869713, 24.613856939869713, 24.613856939869713,
    24.613856939869713, 24.613856939869713, 24.613856939869713,
    24.613856939869713, 24.613856939869713, 24.613856939869713,
    24.613856939869713, 24.613856939869713, 24.613856939869713,
    24.613856939869713, 24.613856939869713, 24.613856939869713,
    24.613856939869713, 24.613856939869713, 24.613856939869713,
    24.613856939869713, 24.613856939869713, 24.613856939869713,
    24.613856939869713, 24.613856939869713, 24.613856939869713,
    24.613856939869713, 24.613856939869713, 24.613856939869713,
    24.613856939869713, 24.613856939869713, 24.613856939869713,
    24.613856939869713, 24.613856939869713, 24.613856939869713,
    24.613856939869713, 24.613856939869713, 24.613856939869713,
    24.613856939869713, 24.613856939869713, 24.613856939869713,
    24.613856939869713, 24.613856939869713, 24.613856939869713,
    24.613856939869713, 24.613856939869713, 24.613856939869713,
    24.613856939869713, 24.613856939869713, 24.613856939869713,
    24.613856939869713, 24.613856939869713, 24.613856939869713,
    24.613856939869713, 24.613856939869713, 24.613856939869713,
    24.613856939869713, 24.613856939869713, 24.613856939869713,
    24.613856939869713, 24.613856939869713, 24.613856939869713,
    24.613856939869713, 24.613856939869713, 24.613856939869713,
    24.613856939869713, 24.613856939869713, 24.613856939869713,
    24.613856939869713, 24.613856939869713, 24.613856939869713,
    24.613856939869713, 24.613856939869713, 24.613856939869713,
    24.613856939869713, 24.613856939869713, 24.613856939869713,
    24.613856939869713, 24.613856939869713, 24.613856939869713,
    24.613856939869713, 24.613856939869713, 24.613856939869713,
    24.613856939869713, 24.613856939869713, 24.613856939869713,
    24.613856939869713, 24.613856939869713, 24.613856939869713,
    24.613856939869713
  ],
  "best energy": 24.613856939869713,
  "cost functions energy best solution": {
    "195.845749787118*w_0_0**2 + 6.6681082873237*w_0_0*w_1_0 + 26.613062206613*w_0_0*w_2_0 + 226.263839976905*w_0_0 + 15.5869513719764*w_1_0**2 + 2.54624645289538*w_1_0*w_2_0 - 6.47188048155888*w_1_0 + 70.0*w_2_0**2 + 12.0*w_2_0 + 70.0": 24.61385693986972
  },
  "constraint satisfaction best solution": true,
  "best solution": { "w": [[-0.25], [0.25], [0.0]] },
  "solutions": [
    { "w": [[-0.25], [0.25], [0.0]] },
    { "w": [[-0.25], [0.25], [0.0]] },
    { "w": [[-0.25], [0.25], [0.0]] },
    { "w": [[-0.25], [0.25], [0.0]] },
    { "w": [[-0.25], [0.25], [0.0]] },
    { "w": [[-0.25], [0.25], [0.0]] },
    { "w": [[-0.25], [0.25], [0.0]] },
    { "w": [[-0.25], [0.25], [0.0]] },
    { "w": [[-0.25], [0.25], [0.0]] },
    { "w": [[-0.25], [0.25], [0.0]] },
    { "w": [[-0.25], [0.25], [0.0]] },
    { "w": [[-0.25], [0.25], [0.0]] },
    { "w": [[-0.25], [0.25], [0.0]] },
    { "w": [[-0.25], [0.25], [0.0]] },
    { "w": [[-0.25], [0.25], [0.0]] },
    { "w": [[-0.25], [0.25], [0.0]] },
    { "w": [[-0.25], [0.25], [0.0]] },
    { "w": [[-0.25], [0.25], [0.0]] },
    { "w": [[-0.25], [0.25], [0.0]] },
    { "w": [[-0.25], [0.25], [0.0]] },
    { "w": [[-0.25], [0.25], [0.0]] },
    { "w": [[-0.25], [0.25], [0.0]] },
    { "w": [[-0.25], [0.25], [0.0]] },
    { "w": [[-0.25], [0.25], [0.0]] },
    { "w": [[-0.25], [0.25], [0.0]] },
    { "w": [[-0.25], [0.25], [0.0]] },
    { "w": [[-0.25], [0.25], [0.0]] },
    { "w": [[-0.25], [0.25], [0.0]] },
    { "w": [[-0.25], [0.25], [0.0]] },
    { "w": [[-0.25], [0.25], [0.0]] },
    { "w": [[-0.25], [0.25], [0.0]] },
    { "w": [[-0.25], [0.25], [0.0]] },
    { "w": [[-0.25], [0.25], [0.0]] },
    { "w": [[-0.25], [0.25], [0.0]] },
    { "w": [[-0.25], [0.25], [0.0]] },
    { "w": [[-0.25], [0.25], [0.0]] },
    { "w": [[-0.25], [0.25], [0.0]] },
    { "w": [[-0.25], [0.25], [0.0]] },
    { "w": [[-0.25], [0.25], [0.0]] },
    { "w": [[-0.25], [0.25], [0.0]] },
    { "w": [[-0.25], [0.25], [0.0]] },
    { "w": [[-0.25], [0.25], [0.0]] },
    { "w": [[-0.25], [0.25], [0.0]] },
    { "w": [[-0.25], [0.25], [0.0]] },
    { "w": [[-0.25], [0.25], [0.0]] },
    { "w": [[-0.25], [0.25], [0.0]] },
    { "w": [[-0.25], [0.25], [0.0]] },
    { "w": [[-0.25], [0.25], [0.0]] },
    { "w": [[-0.25], [0.25], [0.0]] },
    { "w": [[-0.25], [0.25], [0.0]] },
    { "w": [[-0.25], [0.25], [0.0]] },
    { "w": [[-0.25], [0.25], [0.0]] },
    { "w": [[-0.25], [0.25], [0.0]] },
    { "w": [[-0.25], [0.25], [0.0]] },
    { "w": [[-0.25], [0.25], [0.0]] },
    { "w": [[-0.25], [0.25], [0.0]] },
    { "w": [[-0.25], [0.25], [0.0]] },
    { "w": [[-0.25], [0.25], [0.0]] },
    { "w": [[-0.25], [0.25], [0.0]] },
    { "w": [[-0.25], [0.25], [0.0]] },
    { "w": [[-0.25], [0.25], [0.0]] },
    { "w": [[-0.25], [0.25], [0.0]] },
    { "w": [[-0.25], [0.25], [0.0]] },
    { "w": [[-0.25], [0.25], [0.0]] },
    { "w": [[-0.25], [0.25], [0.0]] },
    { "w": [[-0.25], [0.25], [0.0]] },
    { "w": [[-0.25], [0.25], [0.0]] },
    { "w": [[-0.25], [0.25], [0.0]] },
    { "w": [[-0.25], [0.25], [0.0]] },
    { "w": [[-0.25], [0.25], [0.0]] },
    { "w": [[-0.25], [0.25], [0.0]] },
    { "w": [[-0.25], [0.25], [0.0]] },
    { "w": [[-0.25], [0.25], [0.0]] },
    { "w": [[-0.25], [0.25], [0.0]] },
    { "w": [[-0.25], [0.25], [0.0]] },
    { "w": [[-0.25], [0.25], [0.0]] },
    { "w": [[-0.25], [0.25], [0.0]] },
    { "w": [[-0.25], [0.25], [0.0]] },
    { "w": [[-0.25], [0.25], [0.0]] },
    { "w": [[-0.25], [0.25], [0.0]] },
    { "w": [[-0.25], [0.25], [0.0]] },
    { "w": [[-0.25], [0.25], [0.0]] },
    { "w": [[-0.25], [0.25], [0.0]] },
    { "w": [[-0.25], [0.25], [0.0]] },
    { "w": [[-0.25], [0.25], [0.0]] },
    { "w": [[-0.25], [0.25], [0.0]] },
    { "w": [[-0.25], [0.25], [0.0]] },
    { "w": [[-0.25], [0.25], [0.0]] },
    { "w": [[-0.25], [0.25], [0.0]] },
    { "w": [[-0.25], [0.25], [0.0]] },
    { "w": [[-0.25], [0.25], [0.0]] },
    { "w": [[-0.25], [0.25], [0.0]] },
    { "w": [[-0.25], [0.25], [0.0]] },
    { "w": [[-0.25], [0.25], [0.0]] },
    { "w": [[-0.25], [0.25], [0.0]] },
    { "w": [[-0.25], [0.25], [0.0]] },
    { "w": [[-0.25], [0.25], [0.0]] },
    { "w": [[-0.25], [0.25], [0.0]] },
    { "w": [[-0.25], [0.25], [0.0]] },
    { "w": [[-0.25], [0.25], [0.0]] }
  ],
  "best solution binary": {
    "b0": 0.0,
    "b1": 0.0,
    "b2": 1.0,
    "b3": 1.0,
    "b4": 0.0,
    "b5": 1.0
  },
  "solutions binary": [
    { "b0": 0.0, "b1": 0.0, "b2": 1.0, "b3": 1.0, "b4": 0.0, "b5": 1.0 },
    { "b0": 0.0, "b1": 0.0, "b2": 1.0, "b3": 1.0, "b4": 1.0, "b5": 0.0 },
    { "b0": 0.0, "b1": 0.0, "b2": 1.0, "b3": 1.0, "b4": 1.0, "b5": 0.0 },
    { "b0": 0.0, "b1": 0.0, "b2": 1.0, "b3": 1.0, "b4": 0.0, "b5": 1.0 },
    { "b0": 0.0, "b1": 0.0, "b2": 1.0, "b3": 1.0, "b4": 1.0, "b5": 0.0 },
    { "b0": 0.0, "b1": 0.0, "b2": 1.0, "b3": 1.0, "b4": 1.0, "b5": 0.0 },
    { "b0": 0.0, "b1": 0.0, "b2": 1.0, "b3": 1.0, "b4": 1.0, "b5": 0.0 },
    { "b0": 0.0, "b1": 0.0, "b2": 1.0, "b3": 1.0, "b4": 1.0, "b5": 0.0 },
    { "b0": 0.0, "b1": 0.0, "b2": 1.0, "b3": 1.0, "b4": 1.0, "b5": 0.0 },
    { "b0": 0.0, "b1": 0.0, "b2": 1.0, "b3": 1.0, "b4": 1.0, "b5": 0.0 },
    { "b0": 0.0, "b1": 0.0, "b2": 1.0, "b3": 1.0, "b4": 1.0, "b5": 0.0 },
    { "b0": 0.0, "b1": 0.0, "b2": 1.0, "b3": 1.0, "b4": 1.0, "b5": 0.0 },
    { "b0": 0.0, "b1": 0.0, "b2": 1.0, "b3": 1.0, "b4": 0.0, "b5": 1.0 },
    { "b0": 0.0, "b1": 0.0, "b2": 1.0, "b3": 1.0, "b4": 1.0, "b5": 0.0 },
    { "b0": 0.0, "b1": 0.0, "b2": 1.0, "b3": 1.0, "b4": 1.0, "b5": 0.0 },
    { "b0": 0.0, "b1": 0.0, "b2": 1.0, "b3": 1.0, "b4": 1.0, "b5": 0.0 },
    { "b0": 0.0, "b1": 0.0,